{
  "name": "angular-webstorage",
  "version": "0.9.5",
  "main": "angular-webstorage.js",
  "ignore": [
    "**/.*",
    "node_modules",
    "components"
  ],
  "dependencies": {
    "angular": "~1.0 || ~1.1"
  },
  "homepage": "https://github.com/fredricrylander/angular-webstorage",
  "_release": "0.9.5",
  "_resolution": {
    "type": "version",
    "tag": "v0.9.5",
    "commit": "a8c7099b5b1e1fc4f5a2dd78cfe10de09d9e7b25"
  },
  "_source": "git://github.com/fredricrylander/angular-webstorage.git",
  "_target": "~0.9.3",
  "_originalSource": "angular-webstorage"
}