{
  "name": "angular-strap",
  "description": "AngularStrap - AngularJS directives for Bootstrap",
  "version": "2.0.3",
  "keywords": [
    "angular",
    "bootstrap"
  ],
  "homepage": "http://mgcrea.github.io/angular-strap",
  "bugs": "https://github.com/mgcrea/angular-strap/issues",
  "author": {
    "name": "Olivier Louvignes",
    "email": "olivier@mg-crea.com",
    "url": "https://github.com/mgcrea"
  },
  "repository": {
    "type": "git",
    "url": "https://github.com/mgcrea/angular-strap.git"
  },
  "licenses": [
    {
      "type": "MIT",
      "url": "https://github.com/mgcrea/angular-strap/blob/master/LICENSE.md"
    }
  ],
  "main": [
    "dist/angular-strap.min.js",
    "dist/angular-strap.tpl.min.js"
  ],
  "ignore": [
    "docs",
    "test",
    "CONTRIBUTING.md"
  ],
  "dependencies": {
    "angular": "~1.2.16",
    "bootstrap": "~3.1.1"
  },
  "devDependencies": {
    "angular-animate": "~1.2.16",
    "angular-i18n": "~1.2.16",
    "angular-mocks": "~1.2.16",
    "angular-motion": "~0.3.1",
    "angular-route": "~1.2.16",
    "angular-sanitize": "~1.2.16",
    "angular-scenario": "~1.2.16",
    "fastclick": "~1.0.2",
    "font-awesome": "~4.1.0",
    "highlightjs": "~8.0.0",
    "jquery": "~2.1.1"
  },
  "_release": "2.0.3",
  "_resolution": {
    "type": "version",
    "tag": "v2.0.3",
    "commit": "a65e89cf1cee5515fadfee029e930f05c1a2eb4a"
  },
  "_source": "git://github.com/mgcrea/angular-strap.git",
  "_target": "~2.0.0",
  "_originalSource": "angular-strap"
}