<?xml version="1.0" encoding="UTF-8" ?>
<!DOCTYPE log4j:configuration SYSTEM "log4j.dtd">
<log4j:configuration xmlns:log4j='http://jakarta.apache.org/log4j/'>

    <appender name="console" class="org.apache.log4j.ConsoleAppender">
        <layout class="org.apache.log4j.EnhancedPatternLayout">
            <!-- %L(line number) option is extremely slow. -->
            <param name="ConversionPattern" value="%d{yyyy-MM-dd HH:mm:ss} [%-5p](%-35.35c{1.}) %m%n"/>
        </layout>
    </appender>

    <appender name="stat-appender" class="org.apache.log4j.DailyRollingFileAppender">
        <param name="file" value="${catalina.home}/logs/stat.log"/>
        <param name="Append" value="true"/>
        <param name="DatePattern" value="'.'yyyy-MM-dd"/>
        <layout class="org.apache.log4j.EnhancedPatternLayout">
            <param name="ConversionPattern" value="%d{yyyy-MM-dd HH:mm:ss} [%-5p](%-35.35c{1.}) %m%n"/>
        </layout>
    </appender>

    <logger name="com.navercorp.pinpoint" additivity="false">
        <level value="INFO"/>
        <appender-ref ref="console"/>
    </logger>

    <logger name="com.navercorp.pinpoint.cluster.route.filter" additivity="false">
        <level value="WARN"/>
        <appender-ref ref="console"/>
    </logger>

    <logger name="com.navercorp.pinpoint.collector.handler" additivity="false">
        <level value="WARN"/>
        <appender-ref ref="console"/>
    </logger>

    <logger name="org.apache.zookeeper" additivity="false">
        <level value="WARN"/>
        <appender-ref ref="console"/>
    </logger>

    <logger name="org.apache.hadoop.hbase" additivity="false">
        <level value="WARN"/>
        <appender-ref ref="console"/>
    </logger>

    <logger name="com.navercorp.pinpoint.collector.StateReport" additivity="false">
        <!-- disable : WARN -->
        <level value="INFO"/>
        <appender-ref ref="stat-appender"/>
        <!--<appender-ref ref="console"/>-->
    </logger>

    <root>
        <level value="WARN"/>
        <appender-ref ref="console"/>
    </root>
</log4j:configuration>