{
  "name": "jquery-timepicker-addon",
  "version": "1.3.1",
  "repository": {
    "type": "git",
    "url": "git://github.com/trentrichardson/jQuery-Timepicker-Addon.git"
  },
  "dependencies": {
    "jquery-ui": "~1.9.2"
  },
  "homepage": "https://github.com/iamdenny/jQuery-Timepicker-Addon",
  "_release": "1.3.1",
  "_resolution": {
    "type": "version",
    "tag": "v1.3.1",
    "commit": "77acef0f401361455fbd3a32e7cbdc4fdc6c2fce"
  },
  "_source": "git://github.com/iamdenny/jQuery-Timepicker-Addon.git",
  "_target": "~1.3.1",
  "_originalSource": "jquery-timepicker-addon",
  "_direct": true
}